{
  "1": {
    "mean": 0.7922423091701354,
    "std": 0.20308109976791347,
    "max": 0.9999610190159895,
    "ufuu": 1.0
  },
  "2": {
    "mean": 1.5375247208698863,
    "std": 0.27332913537805387,
    "max": 1.9777176362616422,
    "ufuu": 2.0
  },
  "3": {
    "mean": 2.369568677677576,
    "std": 0.2765256301006893,
    "max": 2.8779163862477803,
    "ufuu": 3.0
  },
  "4": {
    "mean": 3.12288489087063,
    "std": 0.3160533060126119,
    "max": 3.682214188803131,
    "ufuu": 4.0
  },
  "5": {
    "mean": 3.92416188906837,
    "std": 0.3415233984386047,
    "max": 4.593899437446711,
    "ufuu": 5.0
  },
  "6": {
    "mean": 4.6816241640298815,
    "std": 0.30601825257103504,
    "max": 5.2990996998190205,
    "ufuu": 6.0
  },
  "7": {
    "mean": 5.490141046898504,
    "std": 0.30679732772884416,
    "max": 6.038596660390127,
    "ufuu": 7.0
  },
  "8": {
    "mean": 6.241724397786509,
    "std": 0.32269509696984133,
    "max": 6.907773846457365,
    "ufuu": 8.0
  },
  "9": {
    "mean": 7.050615242449089,
    "std": 0.31823256182150544,
    "max": 7.670654091922058,
    "ufuu": 9.0
  },
  "10": {
    "mean": 7.817585579983221,
    "std": 0.2993693743939351,
    "max": 8.57736705507168,
    "ufuu": 10.0
  },
  "11": {
    "mean": 8.659940323659134,
    "std": 0.3287310307128843,
    "max": 9.224893747631114,
    "ufuu": 11.0
  },
  "12": {
    "mean": 9.352132427281836,
    "std": 0.3664699426821518,
    "max": 10.02059765945721,
    "ufuu": 12.0
  },
  "13": {
    "mean": 10.212681336383316,
    "std": 0.3253478158809086,
    "max": 10.741574267257876,
    "ufuu": 13.0
  },
  "14": {
    "mean": 10.9537503215739,
    "std": 0.3490455801886845,
    "max": 11.641062226750535,
    "ufuu": 14.0
  },
  "15": {
    "mean": 11.732983739878343,
    "std": 0.3526460008359968,
    "max": 12.359157661305224,
    "ufuu": 15.0
  },
  "16": {
    "mean": 12.564309097960981,
    "std": 0.3307086346380549,
    "max": 13.185030283295628,
    "ufuu": 16.0
  },
  "17": {
    "mean": 13.336101549262855,
    "std": 0.3464162927887312,
    "max": 13.955005799572035,
    "ufuu": 17.0
  },
  "18": {
    "mean": 14.114052904757669,
    "std": 0.35128257909154315,
    "max": 14.777964133972688,
    "ufuu": 18.0
  },
  "19": {
    "mean": 14.888250524130596,
    "std": 0.3376730312395195,
    "max": 15.597405892064362,
    "ufuu": 19.0
  },
  "20": {
    "mean": 15.686548202218082,
    "std": 0.32802081387289067,
    "max": 16.38620281554395,
    "ufuu": 20.0
  }
}